"id","labels"
1,667
2,8
3,205
4,462
5,470
6,18
7,136
8,451
9,642
10,1113
11,443
12,228
13,1089
14,991
15,135
16,459
17,327
18,338
19,788
20,105
21,769
22,641
23,1080
24,242
25,326
26,690
27,503
28,704
29,429
30,712
31,413
32,234
33,619
34,800
35,1055
36,1063
37,1059
38,162
39,1177
40,946
41,138
42,870
43,529
44,86
45,616
46,1166
47,965
48,588
49,1162
50,73
51,964
52,597
53,656
54,238
55,713
56,549
57,550
58,179
59,1162
60,1042
61,1010
62,93
63,1032
64,643
65,123
66,290
67,1072
68,252
69,625
70,921
71,709
72,1027
73,126
74,870
75,831
76,561
77,329
78,407
79,486
80,1127
81,764
82,441
83,216
84,219
85,986
86,555
87,867
88,1171
89,605
90,23
91,726
92,323
93,489
94,250
95,742
96,71
97,964
98,120
99,878
100,473
101,788
102,185
103,291
104,399
105,968
106,483
107,494
108,819
109,337
110,832
111,218
112,625
113,602
114,374
115,1173
116,542
117,125
118,688
119,1051
120,485
121,385
122,168
123,378
124,539
125,514
126,106
127,613
128,1193
129,957
130,420
131,-1
132,1029
133,698
134,1053
135,1131
136,732
137,348
138,454
139,1130
140,342
141,197
142,444
143,328
144,787
145,686
146,1126
147,467
148,54
149,747
150,403
151,1154
152,907
153,64
154,688
155,690
156,325
157,1034
158,983
159,240
160,258
161,406
162,111
163,493
164,924
165,1210
166,328
167,454
168,924
169,45
170,266
171,432
172,1012
173,188
174,1030
175,1191
176,1114
177,1207
178,1213
179,115
180,734
181,186
182,688
183,45
184,983
185,1067
186,250
187,304
188,660
189,787
190,1112
191,78
192,1212
193,516
194,721
195,911
196,673
197,150
198,10
199,205
200,168
201,473
202,474
203,1184
204,21
205,827
206,1151
207,1193
208,901
209,976
210,1119
211,1002
212,1003
213,768
214,421
215,1177
216,504
217,483
218,558
219,261
220,1050
221,400
222,967
223,275
224,1070
225,147
226,213
227,471
228,491
229,880
230,868
231,1043
232,716
233,47
234,452
235,891
236,833
237,423
238,106
239,528
240,116
241,505
242,525
243,860
244,333
245,1193
246,922
247,1154
248,906
249,1037
250,490
251,-1
252,34
253,693
254,405
255,121
256,889
257,235
258,796
259,291
260,937
261,792
262,407
263,1144
264,1129
265,779
266,726
267,1121
268,288
269,9
270,717
271,732
272,1059
273,1057
274,681
275,218
276,381
277,870
278,1104
279,208
280,1164
281,308
282,676
283,953
284,1041
285,126
286,303
287,800
288,203
289,924
290,1167
291,535
292,206
293,870
294,721
295,246
296,1131
297,40
298,88
299,1084
300,562
301,7
302,214
303,228
304,89
305,891
306,735
307,493
308,253
309,33
310,387
311,1036
312,1133
313,1088
314,801
315,406
316,184
317,884
318,60
319,379
320,706
321,796
322,697
323,613
324,862
325,734
326,753
327,210
328,459
329,41
330,510
331,662
332,1048
333,462
334,-1
335,785
336,1195
337,653
338,599
339,115
340,547
341,255
342,231
343,891
344,1200
345,938
346,467
347,310
348,1162
349,5
350,159
351,581
352,827
353,507
354,510
355,930
356,208
357,793
358,979
359,262
360,548
361,1033
362,314
363,1207
364,842
365,372
366,1114
367,1041
368,1122
369,625
370,1130
371,170
372,168
373,1191
374,625
375,508
376,724
377,408
378,1193
379,1083
380,1062
381,406
382,624
383,155
384,1069
385,566
386,421
387,898
388,136
389,6
390,164
391,476
392,1043
393,1139
394,552
395,81
396,345
397,24
398,13
399,547
400,502
401,699
402,1167
403,172
404,575
405,55
406,995
407,226
408,686
409,1005
410,783
411,779
412,1073
413,544
414,686
415,188
416,572
417,627
418,786
419,625
420,87
421,103
422,255
423,1212
424,892
425,122
426,555
427,323
428,836
429,632
430,664
431,1122
432,423
433,310
434,215
435,313
436,60
437,452
438,1182
439,956
440,625
441,16
442,733
443,980
444,30
445,845
446,144
447,436
448,1193
449,479
450,25
451,514
452,744
453,945
454,24
455,576
456,176
457,1172
458,704
459,650
460,97
461,837
462,806
463,352
464,790
465,551
466,1196
467,871
468,1213
469,325
470,678
471,1059
472,383
473,553
474,552
475,480
476,534
477,976
478,1075
479,605
480,590
481,869
482,279
483,115
484,151
485,765
486,1024
487,624
488,72
489,145
490,753
491,1136
492,993
493,293
494,365
495,199
496,-1
497,850
498,611
499,165
500,687
501,479
502,699
503,652
504,901
505,873
506,811
507,43
508,729
509,99
510,368
511,742
512,165
513,1207
514,574
515,799
516,17
517,51
518,1172
519,73
520,510
521,102
522,1128
523,448
524,912
525,677
526,427
527,35
528,576
529,1081
530,1155
531,323
532,762
533,408
534,141
535,1172
536,706
537,517
538,855
539,76
540,237
541,34
542,937
543,806
544,167
545,1196
546,911
547,1212
548,714
549,1067
550,796
551,279
552,405
553,1041
554,133
555,-1
556,276
557,731
558,467
559,929
560,1188
561,1213
562,606
563,456
564,520
565,168
566,823
567,487
568,34
569,376
570,139
571,555
572,764
573,934
574,475
575,799
576,462
577,542
578,1083
579,234
580,1089
581,543
582,625
583,915
584,117
585,1087
586,322
587,348
588,250
589,992
590,1158
591,835
592,1173
593,929
594,636
595,591
596,394
597,839
598,81
599,224
600,841
601,524
602,1034
603,362
604,211
605,544
606,753
607,303
608,561
609,386
610,665
611,841
612,367
613,625
614,894
615,1140
616,468
617,1031
618,455
619,1184
620,430
621,476
622,1002
623,420
624,692
625,881
626,558
627,13
628,957
629,650
630,1019
631,349
632,975
633,764
634,189
635,1166
636,543
637,218
638,171
639,973
640,590
641,677
642,1105
643,310
644,1038
645,367
646,228
647,800
648,44
649,406
650,851
651,847
652,319
653,667
654,36
655,1068
656,51
657,541
658,1167
659,615
660,86
661,300
662,715
663,688
664,427
665,909
666,1136
667,483
668,729
669,741
670,1133
671,701
672,303
673,217
674,512
675,878
676,66
677,162
678,511
679,251
680,301
681,302
682,792
683,-1
684,423
685,126
686,1193
687,828
688,327
689,189
690,587
691,756
692,781
693,507
694,1117
695,1202
696,840
697,1128
698,589
699,507
700,365
701,147
702,562
703,455
704,1162
705,1195
706,13
707,64
708,139
709,1032
710,1150
711,887
712,250
713,385
714,659
715,525
716,180
717,337
718,938
719,1063
720,366
721,312
722,369
723,512
724,887
725,396
726,410
727,1049
728,82
729,704
730,717
731,1149
732,206
733,60
734,1207
735,953
736,1193
737,928
738,599
739,937
740,142
741,368
742,1138
743,477
744,133
745,895
746,109
747,926
748,64
749,511
750,18
751,115
752,783
753,971
754,1162
755,420
756,723
757,992
758,399
759,891
760,329
761,1102
762,835
763,541
764,878
765,348
766,510
767,765
768,406
769,203
770,933
771,250
772,206
773,91
774,435
775,972
776,244
777,68
778,1212
779,760
780,58
781,860
782,1171
783,133
784,-1
785,1120
786,1211
787,821
788,605
789,34
790,228
791,97
792,816
793,37
794,225
795,829
796,735
797,1160
798,953
799,296
800,1122
801,588
802,57
803,1147
804,-1
805,461
806,28
807,1146
808,299
809,1034
810,404
811,827
812,42
813,356
814,34
815,441
816,71
817,601
818,640
819,953
820,244
821,406
822,1114
823,214
824,87
825,44
826,1163
827,1156
828,235
829,529
830,865
831,229
832,726
833,556
834,1046
835,1032
836,1169
837,573
838,155
839,1173
840,902
841,895
842,-1
843,1094
844,1124
845,11
846,375
847,109
848,1146
849,201
850,688
851,480
852,1167
853,292
854,133
855,1192
856,1108
857,741
858,120
859,1166
860,352
861,437
862,425
863,690
864,1099
865,562
866,816
867,1006
868,170
869,425
870,528
871,528
872,127
873,118
874,595
875,739
876,145
877,625
878,1123
879,563
880,1115
881,1204
882,444
883,353
884,387
885,808
886,179
887,332
888,529
889,257
890,510
891,618
892,577
893,263
894,34
895,648
896,906
897,1004
898,368
899,780
900,1142
901,178
902,797
903,877
904,179
905,1213
906,647
907,1055
908,756
909,642
910,754
911,406
912,30
913,46
914,785
915,-1
916,-1
917,1030
918,204
919,74
920,406
921,598
922,1157
923,448
924,1164
925,708
926,869
927,542
928,407
929,944
930,1086
931,800
932,429
933,878
934,486
935,672
936,406
937,828
938,566
939,947
940,321
941,619
942,883
943,1079
944,331
945,155
946,470
947,348
948,233
949,1175
950,697
951,398
952,504
953,770
954,87
955,369
956,273
957,1132
958,1063
959,452
960,917
961,1038
962,957
963,582
964,907
965,264
966,399
967,161
968,516
969,66
970,192
971,765
972,717
973,920
974,212
975,167
976,159
977,1117
978,843
979,516
980,1111
981,877
982,100
983,-1
984,100
985,737
986,1061
987,189
988,653
989,723
990,640
991,1001
992,911
993,688
994,970
995,688
996,527
997,778
998,447
999,310
1000,646
1001,17
1002,119
1003,1160
1004,507
1005,106
1006,432
1007,676
1008,588
1009,728
1010,445
1011,626
1012,242
1013,1104
1014,967
1015,686
1016,112
1017,1
1018,1001
1019,338
1020,510
1021,878
1022,1173
1023,1113
1024,689
1025,204
1026,1073
1027,143
1028,1130
1029,693
1030,578
1031,1151
1032,628
1033,332
1034,768
1035,842
1036,1075
1037,189
1038,40
1039,598
1040,627
1041,1211
1042,297
1043,1119
1044,228
1045,1190
1046,961
1047,1020
1048,1162
1049,593
1050,1212
1051,870
1052,179
1053,958
1054,1004
1055,944
1056,991
1057,389
1058,952
1059,288
1060,1086
1061,203
1062,987
1063,884
1064,738
1065,608
1066,809
1067,977
1068,1132
1069,936
1070,940
1071,1010
1072,238
1073,465
1074,63
1075,886
1076,785
1077,80
1078,709
1079,1123
1080,1162
1081,404
1082,1137
1083,223
1084,1201
1085,498
1086,52
1087,161
1088,300
1089,967
1090,133
1091,118
1092,221
1093,785
1094,655
1095,1167
1096,823
1097,257
1098,1042
1099,961
1100,238
1101,95
1102,905
1103,1102
1104,935
1105,-1
1106,735
1107,475
1108,194
1109,891
1110,404
1111,16
1112,1173
1113,801
1114,1083
1115,590
1116,878
1117,1061
1118,827
1119,10
1120,125
1121,610
1122,1167
1123,746
1124,771
1125,829
1126,856
1127,105
1128,1085
1129,1118
1130,506
1131,219
1132,1019
1133,881
1134,446
1135,1093
1136,709
1137,420
1138,1132
1139,10
1140,483
1141,389
1142,23
1143,625
1144,891
1145,437
1146,3
1147,1075
1148,399
1149,133
1150,80
1151,57
1152,456
1153,13
1154,925
1155,1037
1156,782
1157,838
1158,783
1159,-1
1160,1167
1161,664
1162,308
1163,350
1164,285
1165,24
1166,239
1167,114
1168,510
1169,1167
1170,117
1171,613
1172,207
1173,215
1174,991
1175,802
1176,238
1177,510
1178,300
1179,457
1180,854
1181,907
1182,741
1183,1109
1184,736
1185,228
1186,573
1187,751
1188,1177
1189,952
1190,527
1191,264
1192,823
1193,76
1194,1186
1195,905
1196,278
1197,1106
1198,225
1199,8
1200,301
1201,191
1202,601
1203,1212
1204,577
1205,380
1206,1056
1207,291
1208,490
1209,315
1210,57
1211,464
1212,1203
1213,871
1214,89
1215,5
1216,51
1217,1060
1218,792
1219,595
1220,24
1221,1202
1222,1212
1223,889
1224,440
1225,1013
1226,489
1227,1014
1228,69
1229,792
1230,610
1231,512
1232,894
1233,1132
1234,799
1235,462
1236,1017
1237,656
1238,468
1239,165
1240,151
1241,724
1242,57
1243,548
1244,1064
1245,328
1246,218
1247,991
1248,605
1249,447
1250,255
1251,658
1252,645
1253,480
1254,-1
1255,814
1256,407
1257,1040
1258,1156
1259,505
1260,1069
1261,289
1262,406
1263,511
1264,-1
1265,238
1266,791
1267,922
1268,310
1269,510
1270,894
1271,542
1272,70
1273,140
1274,778
1275,248
1276,844
1277,556
1278,97
1279,210
1280,1014
1281,587
1282,45
1283,933
1284,270
1285,1165
1286,597
1287,940
1288,297
1289,99
1290,458
1291,1079
1292,170
1293,794
1294,1001
1295,467
1296,1047
1297,667
1298,679
1299,514
1300,228
1301,850
1302,29
1303,659
1304,336
1305,9
1306,854
1307,406
1308,220
1309,273
1310,79
1311,330
1312,171
1313,1162
1314,507
1315,183
1316,301
1317,243
1318,502
1319,418
1320,1043
1321,510
1322,1081
1323,190
1324,216
1325,250
1326,393
1327,586
1328,525
1329,395
1330,1162
1331,757
1332,810
1333,448
1334,180
1335,312
1336,1044
1337,351
1338,631
1339,848
1340,217
1341,412
1342,193
1343,625
1344,599
1345,1146
1346,275
1347,340
1348,501
1349,759
1350,654
1351,625
1352,1200
1353,238
1354,593
1355,372
1356,1024
1357,137
1358,1123
1359,283
1360,512
1361,447
1362,835
1363,1104
1364,286
1365,1004
1366,715
1367,927
1368,935
1369,814
1370,687
1371,894
1372,55
1373,766
1374,309
1375,98
1376,62
1377,51
1378,381
1379,801
1380,950
1381,497
1382,820
1383,946
1384,1063
1385,699
1386,874
1387,417
1388,562
1389,28
1390,870
1391,91
1392,685
1393,1137
1394,1044
1395,226
1396,838
1397,1210
1398,993
1399,577
1400,1111
1401,731
1402,1209
1403,440
1404,368
1405,339
1406,457
1407,1162
1408,292
1409,599
1410,928
1411,160
1412,1184
1413,1055
1414,20
1415,682
1416,574
1417,1052
1418,1082
1419,891
1420,708
1421,718
1422,621
1423,420
1424,1079
1425,184
1426,437
1427,235
1428,-1
1429,416
1430,100
1431,1191
1432,1036
1433,380
1434,120
1435,1007
1436,321
1437,1173
1438,13
1439,502
1440,1177
1441,952
1442,1171
1443,122
1444,625
1445,1025
1446,1156
1447,804
1448,338
1449,224
1450,671
1451,580
1452,1015
1453,1162
1454,141
1455,387
1456,863
1457,1195
1458,262
1459,895
1460,451
1461,446
1462,918
1463,1165
1464,921
1465,48
1466,1064
1467,97
1468,943
1469,1068
1470,174
1471,392
1472,1149
1473,93
1474,1057
1475,1030
1476,891
1477,716
1478,899
1479,130
1480,1084
1481,344
1482,551
1483,485
1484,376
1485,-1
1486,888
1487,759
1488,27
1489,510
1490,814
1491,1086
1492,579
1493,1188
1494,134
1495,874
1496,423
1497,464
1498,368
1499,555
1500,686
1501,1198
1502,573
1503,536
1504,549
1505,95
1506,527
1507,596
1508,981
1509,-1
1510,391
1511,75
1512,266
1513,1118
1514,916
1515,1068
1516,468
1517,1162
1518,151
1519,403
1520,507
1521,459
1522,1152
1523,545
1524,1124
1525,823
1526,883
1527,92
1528,601
1529,1172
1530,449
1531,155
1532,621
1533,352
1534,626
1535,394
1536,1184
1537,1039
1538,486
1539,759
1540,117
1541,760
1542,680
1543,769
1544,571
1545,548
1546,317
1547,650
1548,83
1549,467
1550,94
1551,8
1552,817
1553,75
1554,33
1555,737
1556,797
1557,992
1558,446
1559,750
1560,774
1561,744
1562,1036
1563,362
1564,1194
1565,601
1566,455
1567,1104
1568,261
1569,379
1570,454
1571,1068
1572,569
1573,1171
1574,766
1575,102
1576,1061
1577,236
1578,290
1579,858
1580,563
1581,324
1582,641
1583,834
1584,510
1585,489
1586,141
1587,411
1588,742
1589,467
1590,312
1591,468
1592,1140
1593,50
1594,602
1595,1020
1596,937
1597,259
1598,441
1599,510
1600,1213
1601,607
1602,149
1603,386
1604,378
1605,1008
1606,400
1607,1145
1608,381
1609,230
1610,510
1611,532
1612,621
1613,78
1614,406
1615,404
1616,680
1617,800
1618,30
1619,1095
1620,985
1621,514
1622,13
1623,256
1624,520
1625,606
1626,406
1627,168
1628,1176
1629,1009
1630,118
1631,77
1632,47
1633,1055
1634,967
1635,688
1636,727
1637,392
1638,507
1639,510
1640,886
1641,969
1642,44
1643,922
1644,85
1645,175
1646,238
1647,688
1648,606
1649,255
1650,1125
1651,329
1652,951
1653,984
1654,801
1655,510
1656,1127
1657,1193
1658,378
1659,708
1660,510
1661,1011
1662,1167
1663,833
1664,1188
1665,105
1666,682
1667,615
1668,429
1669,288
1670,198
1671,302
1672,208
1673,1026
1674,1079
1675,423
1676,203
1677,1029
1678,1162
1679,1030
1680,1162
1681,304
1682,23
1683,991
1684,42
1685,1186
1686,907
1687,1030
1688,607
1689,1002
1690,164
1691,1044
1692,386
1693,461
1694,959
1695,413
1696,1142
1697,786
1698,99
1699,949
1700,171
1701,1167
1702,897
1703,110
1704,565
1705,625
1706,499
1707,1117
1708,386
1709,1184
1710,273
1711,436
1712,115
1713,1150
1714,953
1715,828
1716,558
1717,1017
1718,1097
1719,742
1720,289
1721,31
1722,536
1723,301
1724,510
1725,428
1726,716
1727,1005
1728,1147
1729,289
1730,559
1731,172
1732,864
1733,1161
1734,462
1735,830
1736,372
1737,1034
1738,949
1739,623
1740,528
1741,1030
1742,877
1743,1212
1744,13
1745,279
1746,1014
1747,115
1748,825
1749,405
1750,1062
1751,386
1752,743
1753,630
1754,355
1755,1120
1756,673
1757,1177
1758,878
1759,1127
1760,891
1761,581
1762,615
1763,432
1764,-1
1765,497
1766,1059
1767,969
1768,589
1769,8
1770,572
1771,218
1772,-1
1773,573
1774,287
1775,397
1776,558
1777,625
1778,1081
1779,866
1780,679
1781,1178
1782,507
1783,1139
1784,244
1785,265
1786,1162
1787,439
1788,662
1789,924
1790,380
1791,514
1792,9
1793,962
1794,238
1795,217
1796,1162
1797,478
1798,764
1799,526
1800,134
1801,1005
1802,878
1803,806
1804,566
1805,296
1806,968
1807,1162
1808,461
1809,1037
1810,1138
1811,510
1812,781
1813,1014
1814,587
1815,1187
1816,1069
1817,961
1818,849
1819,956
1820,688
1821,3
1822,1029
1823,309
1824,329
1825,1203
1826,412
1827,226
1828,1065
1829,312
1830,1065
1831,787
1832,462
1833,425
1834,1029
1835,530
1836,493
1837,259
1838,548
1839,1085
1840,884
1841,764
1842,205
1843,1154
1844,686
1845,516
1846,883
1847,123
1848,406
1849,394
1850,1019
1851,681
1852,845
1853,910
1854,1162
1855,909
1856,435
1857,117
1858,575
1859,427
1860,175
1861,43
1862,1109
1863,514
1864,284
1865,71
1866,1184
1867,991
1868,13
1869,225
1870,1023
1871,310
1872,1171
1873,934
1874,407
1875,570
1876,164
1877,471
1878,493
1879,803
1880,884
1881,1020
1882,164
1883,1167
1884,72
1885,911
1886,-1
1887,-1
1888,1009
1889,488
1890,1053
1891,736
1892,473
1893,1015
1894,1151
1895,1189
1896,453
1897,371
1898,275
1899,338
1900,74
1901,618
1902,157
1903,1007
1904,177
1905,1144
1906,749
1907,808
1908,252
1909,26
1910,36
1911,936
1912,940
1913,1084
1914,51
1915,866
1916,217
1917,507
1918,841
1919,999
1920,126
1921,625
1922,1193
1923,199
1924,295
1925,1162
1926,395
1927,855
1928,615
1929,683
1930,912
1931,318
1932,473
1933,48
1934,1102
1935,708
1936,505
1937,1114
1938,1031
1939,1182
1940,271
1941,216
1942,423
1943,1138
1944,454
1945,423
1946,1152
1947,779
1948,734
1949,606
1950,134
1951,1042
1952,253
1953,7
1954,971
1955,358
1956,8
1957,510
1958,196
1959,514
1960,990
1961,101
1962,281
1963,759
1964,184
1965,636
1966,499
1967,746
1968,1132
1969,447
1970,326
1971,99
1972,468
1973,241
1974,491
1975,235
1976,577
1977,579
1978,768
1979,305
1980,1091
1981,381
1982,552
1983,894
1984,560
1985,573
1986,44
1987,60
1988,891
1989,427
1990,115
1991,1193
1992,940
1993,574
1994,1139
1995,580
1996,1158
1997,637
1998,445
1999,443
2000,714
2001,244
2002,80
2003,606
2004,1175
2005,847
2006,510
2007,367
2008,848
2009,1105
2010,676
2011,708
2012,724
2013,60
2014,765
2015,1162
2016,695
2017,656
2018,682
2019,704
2020,737
2021,1014
2022,811
2023,1208
2024,910
2025,1188
2026,735
2027,461
2028,730
2029,771
2030,1162
2031,135
2032,992
2033,686
2034,562
2035,929
2036,501
2037,654
2038,740
2039,141
2040,195
2041,1177
2042,1212
2043,77
2044,13
2045,910
2046,193
2047,87
2048,430
2049,1206
2050,454
2051,-1
2052,1132
2053,13
2054,129
2055,982
2056,364
2057,192
2058,141
2059,1070
2060,963
2061,178
2062,1030
2063,1204
2064,782
2065,1042
2066,991
2067,883
2068,99
2069,278
2070,561
2071,1103
2072,147
2073,1
2074,955
2075,415
2076,923
2077,224
2078,721
2079,625
2080,78
2081,48
2082,151
2083,1206
2084,96
2085,-1
2086,522
2087,281
2088,861
2089,1049
2090,631
2091,606
2092,1162
2093,510
2094,966
2095,257
2096,26
2097,208
2098,407
2099,673
2100,991
2101,501
2102,407
2103,641
2104,301
2105,846
2106,913
2107,713
2108,766
2109,176
2110,625
2111,689
2112,867
2113,1204
2114,223
2115,140
2116,228
2117,1169
2118,878
2119,795
2120,326
2121,541
2122,467
2123,815
2124,361
2125,121
2126,106
2127,979
2128,991
2129,156
2130,1077
2131,412
2132,792
2133,924
2134,423
2135,255
2136,465
2137,1120
2138,1149
2139,1077
2140,57
2141,1101
2142,1157
2143,196
2144,1126
2145,838
2146,417
2147,119
2148,542
2149,572
2150,476
2151,13
2152,151
2153,697
2154,730
2155,1103
2156,661
2157,-1
2158,359
2159,983
2160,967
2161,427
2162,309
2163,411
2164,900
2165,688
2166,1056
2167,558
2168,1009
2169,399
2170,775
2171,195
2172,358
2173,264
2174,1162
2175,554
2176,974
2177,726
2178,293
2179,473
2180,471
2181,228
2182,440
2183,1103
2184,540
2185,-1
2186,752
2187,62
2188,526
2189,228
2190,241
2191,1181
2192,1129
2193,929
2194,563
2195,671
2196,1177
2197,596
2198,1162
2199,415
2200,1146
2201,657
2202,547
2203,1158
2204,694
2205,1152
2206,1170
2207,1040
2208,968
2209,844
2210,406
2211,446
2212,161
2213,1121
2214,857
2215,992
2216,186
2217,800
2218,20
2219,100
2220,836
2221,140
2222,502
2223,1072
2224,524
2225,101
2226,298
2227,266
2228,431
2229,608
2230,1188
2231,942
2232,218
2233,977
2234,1154
2235,258
2236,808
2237,268
2238,625
2239,626
2240,164
2241,163
2242,761
2243,1158
2244,551
2245,115
2246,650
2247,489
2248,489
2249,137
2250,8
2251,200
2252,865
2253,586
2254,765
2255,397
2256,352
2257,878
2258,375
2259,5
2260,515
2261,690
2262,1082
2263,778
2264,236
2265,388
2266,1167
2267,634
2268,914
2269,99
2270,141
2271,606
2272,586
2273,1071
2274,919
2275,411
2276,167
2277,51
2278,200
2279,688
2280,461
2281,253
2282,467
2283,574
2284,1103
2285,765
2286,896
2287,821
2288,164
2289,376
2290,767
2291,888
2292,961
2293,1040
2294,21
2295,1130
2296,1169
2297,626
2298,184
2299,501
2300,692
2301,1052
2302,206
2303,118
2304,1030
2305,563
2306,606
2307,153
2308,256
2309,1145
2310,220
2311,624
2312,537
2313,251
2314,197
2315,473
2316,1193
2317,1096
2318,348
2319,29
2320,115
2321,1047
2322,531
2323,322
2324,808
2325,441
2326,1177
2327,797
2328,1105
2329,454
2330,1082
2331,845
2332,716
2333,719
2334,1083
2335,807
2336,796
2337,342
2338,268
2339,-1
2340,1175
2341,958
2342,118
2343,452
2344,385
2345,901
2346,562
2347,1160
2348,858
2349,267
2350,1103
2351,461
2352,836
2353,491
2354,254
2355,-1
2356,1193
2357,1191
2358,374
2359,362
2360,1093
2361,478
2362,660
2363,50
2364,946
2365,331
2366,917
2367,842
2368,128
2369,1051
2370,912
2371,699
2372,45
2373,597
2374,910
2375,605
2376,1108
2377,99
2378,824
2379,710
2380,753
2381,90
2382,907
2383,985
2384,-1
2385,630
2386,712
2387,293
2388,67
2389,401
2390,1098
2391,798
2392,34
2393,454
2394,442
2395,646
2396,601
2397,945
2398,1158
2399,851
2400,563
2401,719
2402,891
2403,520
2404,1162
2405,692
2406,578
2407,597
2408,487
2409,51
2410,726
2411,635
2412,983
2413,61
2414,849
2415,965
2416,287
2417,156
2418,1121
2419,708
2420,601
2421,606
2422,1162
2423,149
2424,235
2425,368
2426,1161
2427,66
2428,895
2429,1133
2430,1173
2431,93
2432,933
2433,323
2434,507
2435,23
2436,1054
2437,250
2438,170
2439,1123
2440,963
2441,928
2442,925
2443,623
2444,116
2445,103
2446,534
2447,128
2448,1006
2449,111
2450,152
2451,584
2452,480
2453,999
2454,959
2455,14
2456,545
2457,325
2458,1204
2459,1135
2460,562
2461,735
2462,582
2463,272
2464,814
2465,826
2466,1149
2467,1073
2468,1026
2469,1200
2470,920
2471,726
2472,849
2473,178
2474,220
2475,386
2476,1008
2477,686
2478,929
2479,346
2480,312
2481,141
2482,305
2483,235
2484,1150
2485,684
2486,1016
2487,1184
2488,1162
2489,144
2490,750
2491,722
2492,597
2493,919
2494,1052
2495,404
2496,1150
2497,609
2498,199
2499,658
2500,947
2501,86
2502,927
2503,1055
2504,575
2505,495
2506,1120
2507,40
2508,734
2509,823
2510,767
2511,385
2512,1145
2513,810
2514,400
2515,359
2516,1167
2517,636
2518,870
2519,238
2520,-1
2521,509
2522,1191
2523,652
2524,688
2525,355
2526,68
2527,298
2528,241
2529,13
2530,636
2531,799
2532,1118
2533,982
2534,328
2535,284
2536,33
2537,954
2538,560
2539,957
2540,809
2541,774
2542,466
2543,229
2544,254
2545,910
2546,397
2547,121
2548,1124
2549,417
2550,585
2551,735
2552,1143
2553,849
2554,112
2555,-1
2556,1173
2557,97
2558,524
2559,271
2560,228
2561,51
2562,204
2563,788
2564,534
2565,341
2566,118
2567,8
2568,425
2569,465
2570,590
2571,9
2572,1074
2573,791
2574,945
2575,525
2576,132
2577,15
2578,425
2579,301
2580,864
2581,128
2582,867
2583,689
2584,1007
2585,1073
2586,861
2587,1030
2588,348
2589,724
2590,950
2591,807
2592,423
2593,1204
2594,381
2595,32
2596,113
2597,335
2598,835
2599,650
2600,785
2601,546
2602,627
2603,895
2604,323
2605,1145
2606,567
2607,528
2608,1119
2609,516
2610,1037
2611,1132
2612,512
2613,510
2614,155
2615,688
2616,403
2617,276
2618,71
2619,466
2620,310
2621,606
2622,418
2623,1010
2624,652
2625,1076
2626,272
2627,637
2628,423
2629,884
2630,778
2631,148
2632,467
2633,348
2634,815
2635,569
2636,9
2637,1193
2638,820
2639,991
2640,157
2641,714
2642,562
2643,1096
2644,1142
2645,579
2646,793
2647,651
2648,1083
2649,625
2650,307
2651,255
2652,357
2653,244
2654,679
2655,625
2656,557
2657,373
2658,1063
2659,1106
2660,31
2661,213
2662,625
2663,1107
2664,131
2665,425
2666,249
2667,118
2668,467
2669,740
2670,1033
2671,878
2672,625
2673,758
2674,248
2675,962
2676,208
2677,511
2678,693
2679,279
2680,999
2681,1168
2682,184
2683,542
2684,449
2685,1177
2686,255
2687,867
2688,473
2689,228
2690,584
2691,842
2692,732
2693,516
2694,473
2695,423
2696,1167
2697,836
2698,1057
2699,122
2700,106
2701,815
2702,1191
2703,373
2704,731
2705,494
2706,369
2707,841
2708,741
2709,787
2710,469
2711,564
2712,401
2713,371
2714,1095
2715,825
2716,907
2717,1118
2718,1081
2719,221
2720,296
2721,325
2722,972
2723,655
2724,40
2725,515
2726,55
2727,106
2728,510
2729,512
2730,250
2731,819
2732,560
2733,710
2734,386
2735,652
2736,8
2737,1026
2738,129
2739,1193
2740,1167
2741,597
2742,556
2743,139
2744,683
2745,150
2746,468
2747,552
2748,863
2749,952
2750,-1
2751,846
2752,420
2753,760
2754,1196
2755,311
2756,1075
2757,1158
2758,741
2759,159
2760,-1
2761,207
2762,390
2763,1072
2764,625
2765,179
2766,1132
2767,13
2768,58
2769,237
2770,1167
2771,643
2772,-1
2773,568
2774,811
2775,423
2776,1162
2777,205
2778,1047
2779,472
2780,822
2781,1200
2782,618
2783,588
2784,580
2785,512
2786,882
2787,1031
2788,1084
2789,54
2790,128
2791,414
2792,841
2793,729
2794,624
2795,625
2796,8
2797,903
2798,841
2799,374
2800,471
2801,891
2802,381
2803,468
2804,928
2805,48
2806,1150
2807,971
2808,565
2809,891
2810,735
2811,929
2812,770
2813,256
2814,776
2815,498
2816,1191
2817,643
2818,426
2819,715
2820,243
2821,546
2822,676
2823,751
2824,30
2825,712
2826,348
2827,566
2828,451
2829,562
2830,488
2831,1212
2832,520
2833,806
2834,258
2835,463
2836,991
2837,825
2838,209
2839,1009
2840,606
2841,847
2842,1068
2843,1002
2844,1022
2845,1124
2846,1192
2847,1051
2848,888
2849,859
2850,671
2851,889
2852,1196
2853,1154
2854,881
2855,447
2856,412
2857,605
2858,106
2859,559
2860,1212
2861,855
2862,601
2863,738
2864,625
2865,181
2866,203
2867,625
2868,407
2869,1169
2870,231
2871,115
2872,902
2873,735
2874,228
2875,310
2876,158
2877,1137
2878,482
2879,326
2880,477
2881,577
2882,467
2883,574
2884,405
2885,625
2886,558
2887,1021
2888,944
2889,1178
2890,944
2891,490
2892,760
2893,798
2894,93
2895,484
2896,435
2897,249
2898,1032
2899,532
2900,916
2901,327
2902,641
2903,1187
2904,530
2905,383
2906,417
2907,894
2908,511
2909,1005
2910,951
2911,179
2912,577
2913,1194
2914,9
2915,514
2916,452
2917,601
2918,986
2919,9
2920,207
2921,598
2922,110
2923,690
2924,1162
2925,691
2926,992
2927,1092
2928,666
2929,833
2930,625
2931,824
2932,873
2933,696
2934,1198
2935,480
2936,288
2937,864
2938,495
2939,149
2940,735
2941,351
2942,430
2943,479
2944,263
2945,860
2946,1185
2947,62
2948,478
2949,220
2950,1091
2951,478
2952,377
2953,60
2954,1006
2955,-1
2956,1143
2957,543
2958,-1
2959,336
2960,503
2961,696
2962,791
2963,478
2964,928
2965,963
2966,1097
2967,625
2968,352
2969,1098
2970,152
2971,541
2972,111
2973,358
2974,1100
2975,140
2976,1209
2977,1050
2978,563
2979,1166
2980,706
2981,908
2982,26
2983,363
2984,926
2985,9
2986,697
2987,217
2988,547
2989,334
2990,576
2991,10
2992,131
2993,13
2994,1160
2995,64
2996,487
2997,953
2998,1083
2999,740
3000,566
3001,385
3002,313
3003,618
3004,11
3005,226
3006,246
3007,1067
3008,1209
3009,1104
3010,420
3011,-1
3012,505
3013,1018
3014,607
3015,252
3016,499
3017,487
3018,88
3019,178
3020,521
3021,1167
3022,352
3023,96
3024,368
3025,827
3026,8
3027,1169
3028,531
3029,962
3030,689
3031,212
3032,820
3033,551
3034,520
3035,827
3036,501
3037,1025
3038,280
3039,1013
3040,418
3041,901
3042,1005
3043,736
3044,132
3045,1093
3046,551
3047,569
3048,248
3049,14
3050,587
3051,810
3052,1008
3053,497
3054,1029
3055,643
3056,448
3057,1126
3058,-1
3059,161
3060,34
3061,255
3062,263
3063,525
3064,453
3065,273
3066,926
3067,521
3068,951
3069,348
3070,467
3071,868
3072,935
3073,448
3074,647
3075,507
3076,913
3077,949
3078,742
3079,125
3080,1145
3081,794
3082,472
3083,987
3084,1100
3085,625
3086,836
3087,317
3088,35
3089,429
3090,611
3091,602
3092,627
3093,618
3094,687
3095,1193
3096,286
3097,393
3098,310
3099,245
3100,534
3101,212
3102,-1
3103,428
3104,1165
3105,653
3106,225
3107,661
3108,820
3109,977
3110,1068
3111,1147
3112,687
3113,542
3114,1115
3115,-1
3116,588
3117,744
3118,48
3119,490
3120,859
3121,539
3122,1050
3123,1184
3124,169
3125,1085
3126,842
3127,1173
3128,30
3129,307
3130,606
3131,948
3132,94
3133,598
3134,423
3135,1184
3136,457
3137,624
3138,410
3139,639
3140,606
3141,525
3142,751
3143,1028
3144,1062
3145,386
3146,1030
3147,1041
3148,76
3149,1016
3150,686
3151,736
3152,316
3153,221
3154,1162
3155,889
3156,389
3157,1002
3158,725
3159,442
3160,701
3161,694
3162,273
3163,657
3164,658
3165,1172
3166,360
3167,159
3168,651
3169,869
3170,1037
3171,1167
3172,547
3173,666
3174,728
3175,302
3176,900
3177,359
3178,66
3179,1042
3180,607
3181,510
3182,1158
3183,126
3184,1160
3185,1154
3186,506
3187,115
3188,204
3189,1212
3190,489
3191,1164
3192,1163
3193,980
3194,974
3195,768
3196,600
3197,1132
3198,1197
3199,290
3200,758
3201,517
3202,449
3203,525
3204,124
3205,773
3206,475
3207,1122
3208,95
3209,1170
3210,1028
3211,558
3212,501
3213,509
3214,81
3215,662
3216,548
3217,867
3218,1156
3219,1013
3220,838
3221,406
3222,77
3223,1008
3224,381
3225,604
3226,68
3227,1092
3228,1211
3229,51
3230,1164
3231,594
3232,529
3233,915
3234,1184
3235,630
3236,263
3237,977
3238,637
3239,540
3240,1056
3241,62
3242,882
3243,741
3244,367
3245,192
3246,345
3247,815
3248,387
3249,739
3250,614
3251,1029
3252,155
3253,1156
3254,1092
3255,9
3256,358
3257,45
3258,206
3259,708
3260,1086
3261,943
3262,1037
3263,407
3264,743
3265,87
3266,219
3267,407
3268,240
3269,1191
3270,719
3271,199
3272,529
3273,34
3274,1173
3275,279
3276,98
3277,1211
3278,216
3279,210
3280,280
3281,680
3282,185
3283,426
3284,865
3285,635
3286,99
3287,928
3288,921
3289,359
3290,1037
3291,930
3292,953
3293,544
3294,230
3295,1150
3296,469
3297,799
3298,990
3299,520
3300,1002
3301,1063
3302,1047
3303,360
3304,148
3305,1011
3306,1198
3307,10
3308,17
3309,47
3310,511
3311,547
3312,379
3313,1162
3314,45
3315,951
3316,309
3317,483
3318,772
3319,624
3320,846
3321,1133
3322,1016
3323,896
3324,543
3325,892
3326,715
3327,264
3328,880
3329,1146
3330,509
3331,663
3332,1162
3333,292
3334,54
3335,1123
3336,818
3337,139
3338,26
3339,991
3340,845
3341,1180
3342,552
3343,521
3344,928
3345,1062
3346,704
3347,291
3348,574
3349,841
3350,108
3351,674
3352,54
3353,1150
3354,1162
3355,663
3356,994
3357,146
3358,1135
3359,916
3360,373
3361,301
3362,-1
3363,781
3364,213
3365,504
3366,1008
3367,1173
3368,133
3369,385
3370,698
3371,158
3372,432
3373,821
3374,596
3375,247
3376,467
3377,315
3378,138
3379,704
3380,1126
3381,1057
3382,926
3383,269
3384,502
3385,978
3386,533
3387,1047
3388,878
3389,1200
3390,756
3391,212
3392,465
3393,744
3394,1106
3395,267
3396,343
3397,286
3398,656
3399,881
3400,606
3401,841
3402,627
3403,781
3404,512
3405,228
3406,1128
3407,533
3408,856
3409,510
3410,507
3411,490
3412,870
3413,1091
3414,1099
3415,1144
3416,109
3417,238
3418,884
3419,163
3420,69
3421,436
3422,424
3423,718
3424,991
3425,362
3426,769
3427,483
3428,660
3429,13
3430,441
3431,625
3432,670
3433,830
3434,841
3435,688
3436,762
3437,480
3438,1159
3439,404
3440,1144
3441,130
3442,688
3443,1029
3444,1059
3445,-1
3446,625
3447,714
3448,100
3449,935
3450,808
3451,471
3452,1144
3453,733
3454,62
3455,277
3456,165
3457,596
3458,1033
3459,357
3460,397
3461,693
3462,280
3463,955
3464,229
3465,230
3466,420
3467,1100
3468,1131
3469,364
3470,904
3471,1042
3472,920
3473,724
3474,586
3475,1174
3476,309
3477,244
3478,997
3479,589
3480,668
3481,731
3482,260
3483,280
3484,516
3485,690
3486,426
3487,9
3488,358
3489,498
3490,55
3491,1009
3492,1205
3493,794
3494,1112
3495,987
3496,406
3497,413
3498,601
3499,978
3500,5
3501,559
3502,1184
3503,441
3504,974
3505,228
3506,188
3507,873
3508,985
3509,486
3510,380
3511,489
3512,650
3513,596
3514,713
3515,204
3516,463
3517,269
3518,62
3519,1188
3520,1197
3521,995
3522,686
3523,603
3524,687
3525,797
3526,1071
3527,162
3528,566
3529,467
3530,467
3531,731
3532,400
3533,1089
3534,159
3535,323
3536,727
3537,491
3538,363
3539,891
3540,561
3541,1100
3542,741
3543,792
3544,-1
3545,147
3546,1003
3547,1021
3548,592
3549,1146
3550,100
3551,134
3552,118
3553,735
3554,1116
3555,743
3556,895
3557,65
3558,571
3559,979
3560,1125
3561,964
3562,317
3563,560
3564,1113
3565,129
3566,940
3567,405
3568,1142
3569,1027
3570,928
3571,708
3572,1167
3573,299
3574,660
3575,1023
3576,629
3577,467
3578,625
3579,784
3580,145
3581,754
3582,502
3583,1173
3584,620
3585,841
3586,118
3587,455
3588,158
3589,1062
3590,355
3591,1167
3592,347
3593,803
3594,467
3595,403
3596,797
3597,963
3598,708
3599,113
3600,709
3601,542
3602,745
3603,439
3604,267
3605,1212
3606,1135
3607,711
3608,479
3609,952
3610,1099
3611,643
3612,841
3613,992
3614,363
3615,339
3616,625
3617,1173
3618,868
3619,543
3620,77
3621,1023
3622,372
3623,1167
3624,206
3625,445
3626,788
3627,363
3628,324
3629,877
3630,1110
3631,182
3632,793
3633,693
3634,228
3635,505
3636,374
3637,782
3638,989
3639,1194
3640,491
3641,190
3642,266
3643,1173
3644,891
3645,743
3646,465
3647,587
3648,85
3649,340
3650,1037
3651,436
3652,111
3653,928
3654,-1
3655,890
3656,929
3657,643
3658,140
3659,1162
3660,941
3661,205
3662,99
3663,372
3664,863
3665,845
3666,129
3667,465
3668,446
3669,1015
3670,381
3671,795
3672,1146
3673,306
3674,1162
3675,1043
3676,771
3677,466
3678,616
3679,116
3680,698
3681,1179
3682,203
3683,208
3684,203
3685,555
3686,1115
3687,954
3688,-1
3689,1022
3690,744
3691,512
3692,872
3693,5
3694,107
3695,386
3696,38
3697,689
3698,810
3699,192
3700,236
3701,967
3702,521
3703,4
3704,326
3705,1108
3706,404
3707,624
3708,400
3709,223
3710,563
3711,897
3712,21
3713,928
3714,228
3715,970
3716,509
3717,971
3718,57
3719,732
3720,793
3721,48
3722,1089
3723,636
3724,1195
3725,470
3726,43
3727,1039
3728,1037
3729,387
3730,1150
3731,814
3732,507
3733,391
3734,1015
3735,514
3736,206
3737,64
3738,268
3739,992
3740,1080
3741,446
3742,401
3743,852
3744,769
3745,936
3746,1008
3747,1190
3748,524
3749,1066
3750,1070
3751,16
3752,1074
3753,568
3754,772
3755,1193
3756,563
3757,1066
3758,1167
3759,829
3760,1056
3761,546
3762,77
3763,596
3764,55
3765,926
3766,58
3767,620
3768,1006
3769,33
3770,400
3771,985
3772,947
3773,776
3774,393
3775,682
3776,386
3777,948
3778,1196
3779,625
3780,1001
3781,1148
3782,618
3783,654
3784,977
3785,1198
3786,142
3787,92
3788,735
3789,406
3790,379
3791,335
3792,113
3793,686
3794,310
3795,233
3796,684
3797,299
3798,868
3799,563
3800,79
3801,213
3802,412
3803,928
3804,315
3805,194
3806,407
3807,1200
3808,28
3809,917
3810,633
3811,398
3812,758
3813,992
3814,68
3815,764
3816,1088
3817,335
3818,406
3819,309
3820,648
3821,420
3822,665
3823,686
3824,1167
3825,106
3826,525
3827,670
3828,591
3829,734
3830,1167
3831,15
3832,620
3833,172
3834,991
3835,1162
3836,987
3837,891
3838,1043
3839,542
3840,636
3841,472
3842,1036
3843,260
3844,1166
3845,1162
3846,644
3847,1208
3848,115
3849,474
3850,245
3851,505
3852,189
3853,865
3854,404
3855,486
3856,761
3857,373
3858,645
3859,806
3860,1085
3861,150
3862,239
3863,418
3864,51
3865,870
3866,806
3867,352
3868,26
3869,952
3870,468
3871,878
3872,685
3873,206
3874,576
3875,465
3876,977
3877,1022
3878,682
3879,1032
3880,848
3881,1032
3882,105
3883,504
3884,933
3885,317
3886,902
3887,1170
3888,963
3889,418
3890,1093
3891,1029
3892,1177
3893,563
3894,446
3895,850
3896,1172
3897,602
3898,273
3899,461
3900,69
3901,972
3902,390
3903,446
3904,1196
3905,590
3906,328
3907,1118
3908,146
3909,105
3910,430
3911,70
3912,57
3913,496
3914,-1
3915,711
3916,65
3917,1160
3918,115
3919,618
3920,791
3921,1156
3922,13
3923,560
3924,692
3925,743
3926,760
3927,975
3928,625
3929,880
3930,848
3931,90
3932,873
3933,375
3934,939
3935,444
3936,1162
3937,667
3938,979
3939,1076
3940,420
3941,415
3942,661
3943,125
3944,554
3945,456
3946,846
3947,473
3948,584
3949,633
3950,318
3951,1162
3952,404
3953,867
3954,950
3955,1167
3956,882
3957,434
3958,511
3959,1185
3960,80
3961,625
3962,1150
3963,1162
3964,562
3965,693
3966,156
3967,674
3968,267
3969,63
3970,807
3971,188
3972,735
3973,743
3974,333
3975,310
3976,1043
3977,947
3978,1173
3979,322
3980,878
3981,150
3982,1056
3983,224
3984,505
3985,327
3986,688
3987,178
3988,1076
3989,280
3990,1055
3991,741
3992,1151
3993,1083
3994,659
3995,98
3996,72
3997,1094
3998,569
3999,716
4000,174
4001,1007
4002,772
4003,106
4004,676
4005,702
4006,546
4007,262
4008,507
4009,114
4010,323
4011,772
4012,420
4013,1104
4014,1198
4015,1204
4016,208
4017,1030
4018,1008
4019,1019
4020,3
4021,232
4022,862
4023,205
4024,127
4025,1162
4026,1119
4027,217
4028,121
4029,878
4030,560
4031,100
4032,111
4033,562
4034,981
4035,6
4036,616
4037,69
4038,328
4039,498
4040,525
4041,151
4042,544
4043,466
4044,1139
4045,644
4046,1030
4047,361
4048,920
4049,707
4050,550
4051,1207
4052,1048
4053,1178
4054,87
4055,688
4056,894
4057,203
4058,1006
4059,795
4060,846
4061,475
4062,46
4063,954
4064,625
4065,526
4066,387
4067,1132
4068,1202
4069,563
4070,138
4071,778
4072,1001
4073,1182
4074,232
4075,507
4076,472
4077,504
4078,559
4079,1079
4080,922
4081,662
4082,32
4083,414
4084,1167
4085,604
4086,238
4087,1193
4088,625
4089,531
4090,903
4091,881
4092,759
4093,471
4094,708
4095,746
4096,928
4097,1029
4098,303
4099,283
4100,625
4101,208
4102,309
4103,177
4104,370
4105,874
4106,625
4107,683
4108,50
4109,754
4110,73
4111,152
4112,15
4113,739
4114,177
4115,454
4116,285
4117,150
4118,761
4119,194
4120,1028
4121,619
4122,250
4123,69
4124,323
4125,60
4126,149
4127,488
4128,846
4129,662
4130,476
4131,1193
4132,695
4133,142
4134,280
4135,335
4136,1200
4137,1174
4138,266
4139,996
4140,849
4141,444
4142,741
4143,892
4144,185
4145,1208
4146,923
4147,980
4148,192
4149,872
4150,448
4151,1212
4152,779
4153,737
4154,1012
4155,389
4156,953
4157,545
4158,1172
4159,163
4160,665
4161,288
4162,526
4163,445
4164,980
4165,71
4166,331
4167,837
4168,123
4169,716
4170,1004
4171,533
4172,552
4173,536
4174,395
4175,1074
4176,823
4177,961
4178,831
4179,562
4180,48
4181,1183
4182,574
4183,736
4184,620
4185,1042
4186,810
4187,594
4188,215
4189,464
4190,14
4191,820
4192,587
4193,660
4194,97
4195,71
4196,811
4197,400
4198,1110
4199,5
4200,718
4201,1011
4202,987
4203,1180
4204,510
4205,365
4206,327
4207,83
4208,1193
4209,623
4210,24
4211,64
4212,459
4213,974
4214,283
4215,8
4216,15
4217,1036
4218,1159
4219,133
4220,836
4221,1188
4222,1031
4223,129
4224,449
4225,1170
4226,1208
4227,72
4228,686
4229,528
4230,417
4231,1072
4232,822
4233,536
4234,972
4235,155
4236,850
4237,22
4238,685
4239,940
4240,991
4241,1010
4242,869
4243,625
4244,368
4245,386
4246,165
4247,391
4248,650
4249,286
4250,454
4251,16
4252,945
4253,894
4254,1124
4255,786
4256,1167
4257,120
4258,796
4259,205
4260,1162
4261,922
4262,907
4263,142
4264,847
4265,300
4266,902
4267,1202
4268,1041
4269,348
4270,665
4271,223
4272,424
4273,611
4274,556
4275,1193
4276,1164
4277,894
4278,288
4279,55
4280,1206
4281,467
4282,1169
4283,499
4284,194
4285,1109
4286,338
4287,-1
4288,447
4289,1212
4290,341
4291,46
4292,991
4293,708
4294,467
4295,267
4296,656
4297,1131
4298,527
4299,420
4300,202
4301,8
4302,278
4303,510
4304,724
4305,551
4306,361
4307,229
4308,916
4309,404
4310,691
4311,797
4312,563
4313,864
4314,423
4315,818
4316,610
4317,625
4318,1176
4319,507
4320,929
4321,768
4322,1029
4323,1013
4324,743
4325,228
4326,905
4327,528
4328,1146
4329,604
4330,999
4331,136
4332,1096
4333,1045
4334,66
4335,440
4336,423
4337,478
4338,787
4339,228
4340,803
4341,978
4342,1007
4343,35
4344,627
4345,142
4346,809
4347,343
4348,444
4349,537
4350,1168
4351,645
4352,381
4353,1129
4354,1060
4355,1167
4356,393
4357,381
4358,1004
4359,614
4360,663
4361,81
4362,543
4363,381
4364,147
4365,1167
4366,510
4367,340
4368,820
4369,250
4370,817
4371,567
4372,389
4373,1042
4374,787
4375,576
4376,711
4377,487
4378,588
4379,393
4380,414
4381,1084
4382,467
4383,1169
4384,1184
4385,254
4386,422
4387,507
4388,685
4389,708
4390,60
4391,322
4392,87
4393,482
4394,562
4395,1056
4396,874
4397,1212
4398,878
4399,718
4400,1199
4401,171
4402,42
4403,761
4404,25
4405,1047
4406,78
4407,988
4408,1158
4409,661
4410,1068
4411,783
4412,454
4413,141
4414,34
4415,992
4416,952
4417,324
4418,263
4419,666
4420,315
4421,694
4422,896
4423,1150
4424,562
4425,1083
4426,210
4427,167
4428,611
4429,453
4430,720
4431,1126
4432,342
4433,826
4434,1167
4435,590
4436,187
4437,842
4438,1124
4439,841
4440,687
4441,688
4442,625
4443,77
4444,1010
4445,860
4446,755
4447,192
4448,5
4449,317
4450,317
4451,162
4452,969
4453,560
4454,939
4455,5
4456,381
4457,-1
4458,749
4459,14
4460,548
4461,644
4462,886
4463,875
4464,327
4465,119
4466,1161
4467,605
4468,943
4469,402
4470,269
4471,632
4472,101
4473,1167
4474,1167
4475,520
4476,223
4477,421
4478,399
4479,994
4480,520
4481,882
4482,544
4483,779
4484,713
4485,991
4486,105
4487,831
4488,680
4489,215
4490,923
4491,1173
4492,243
4493,884
4494,1166
4495,847
4496,426
4497,406
4498,347
4499,101
4500,838
4501,780
4502,184
4503,1201
4504,735
4505,510
4506,958
4507,768
4508,725
4509,277
4510,1212
4511,716
4512,659
4513,979
4514,80
4515,202
4516,543
4517,406
4518,1107
4519,547
4520,571
4521,1041
4522,535
4523,768
4524,10
4525,670
4526,938
4527,1041
4528,242
4529,861
4530,878
4531,739
4532,271
4533,983
4534,917
4535,936
4536,1148
4537,1036
4538,445
4539,144
4540,179
4541,565
4542,356
4543,467
4544,613
4545,647
4546,32
4547,256
4548,516
4549,336
4550,514
4551,682
4552,564
4553,598
4554,779
4555,542
4556,718
4557,173
4558,330
4559,55
4560,774
4561,594
4562,1164
4563,156
4564,184
4565,800
4566,272
4567,876
4568,1098
4569,467
4570,362
4571,963
4572,366
4573,607
4574,423
4575,22
4576,393
4577,744
4578,309
4579,938
4580,45
4581,404
4582,1042
4583,1191
4584,894
4585,455
4586,247
4587,404
4588,740
4589,321
4590,722
4591,406
4592,16
4593,112
4594,130
4595,892
4596,429
4597,112
4598,420
4599,-1
4600,1204
4601,382
4602,1056
4603,547
4604,894
4605,850
4606,904
4607,327
4608,785
4609,1157
4610,477
4611,797
4612,352
4613,420
4614,823
4615,431
4616,406
4617,459
4618,8
4619,277
4620,45
4621,413
4622,119
4623,324
4624,968
4625,67
4626,622
4627,793
4628,423
4629,406
4630,240
4631,507
4632,628
4633,519
4634,964
4635,209
4636,264
4637,598
4638,1193
4639,226
4640,386
4641,404
4642,1025
4643,89
4644,1179
4645,562
4646,460
4647,133
4648,1152
4649,404
4650,716
4651,1056
4652,759
4653,564
4654,9
4655,884
4656,710
4657,507
4658,445
4659,83
4660,657
4661,140
4662,623
4663,1135
4664,45
4665,414
4666,380
4667,180
4668,42
4669,313
4670,895
4671,163
4672,944
4673,1059
4674,157
4675,902
4676,239
4677,1050
4678,688
4679,756
4680,694
4681,724
4682,1069
4683,878
4684,780
4685,1187
4686,705
4687,469
4688,523
4689,581
4690,807
4691,162
4692,1093
4693,628
4694,258
4695,64
4696,987
4697,974
4698,933
4699,717
4700,255
4701,314
4702,-1
4703,973
4704,1082
4705,840
4706,1026
4707,-1
4708,51
4709,248
4710,63
4711,1020
4712,350
4713,312
4714,811
4715,188
4716,1040
4717,870
4718,118
4719,347
4720,250
4721,299
4722,-1
4723,410
4724,87
4725,259
4726,962
4727,299
4728,625
4729,515
4730,296
4731,947
4732,737
4733,645
4734,841
4735,243
4736,900
4737,578
4738,135
4739,372
4740,279
4741,456
4742,375
4743,297
4744,474
4745,776
4746,625
4747,969
4748,935
4749,1162
4750,809
4751,46
4752,490
4753,293
4754,952
4755,979
4756,1184
4757,276
4758,625
4759,1167
4760,625
4761,547
4762,314
4763,682
4764,259
4765,93
4766,708
4767,59
4768,729
4769,386
4770,393
4771,670
4772,724
4773,406
4774,642
4775,1167
4776,707
4777,680
4778,316
4779,-1
4780,423
4781,177
4782,51
4783,9
4784,775
4785,703
4786,393
4787,1160
4788,1191
4789,1049
4790,381
4791,576
4792,876
4793,920
4794,6
4795,726
4796,791
4797,351
4798,-1
4799,979
4800,802
4801,560
4802,58
4803,297
4804,1104
4805,1063
4806,870
4807,560
4808,917
4809,889
4810,1092
4811,9
4812,242
4813,753
4814,831
4815,897
4816,601
4817,401
4818,81
4819,536
4820,760
4821,537
4822,239
4823,775
4824,888
4825,63
4826,370
4827,90
4828,886
4829,918
4830,34
4831,559
4832,569
4833,357
4834,532
4835,637
4836,386
4837,841
4838,224
4839,267
4840,572
4841,173
4842,884
4843,1191
4844,1078
4845,71
4846,191
4847,550
4848,500
4849,997
4850,368
4851,1179
4852,794
4853,316
4854,606
4855,-1
4856,509
4857,407
4858,285
4859,1193
4860,975
4861,520
4862,1083
4863,85
4864,1060
4865,688
4866,318
4867,423
4868,300
4869,808
4870,467
4871,640
4872,631
4873,1009
4874,606
4875,828
4876,517
4877,1053
4878,34
4879,816
4880,172
4881,-1
4882,514
4883,889
4884,1030
4885,218
4886,1031
4887,581
4888,429
4889,1020
4890,731
4891,-1
4892,992
4893,735
4894,388
4895,332
4896,400
4897,995
4898,412
4899,65
4900,1162
4901,433
4902,1085
4903,462
4904,1083
4905,775
4906,250
4907,125
4908,878
4909,1022
4910,840
4911,232
4912,234
4913,100
4914,1200
4915,423
4916,251
4917,240
4918,1106
4919,1020
4920,417
4921,1152
4922,395
4923,262
4924,660
4925,1193
4926,185
4927,343
4928,728
4929,804
4930,1108
4931,443
4932,883
4933,561
4934,8
4935,609
4936,262
4937,609
4938,155
4939,1135
4940,57
4941,698
4942,750
4943,154
4944,172
4945,1196
4946,458
4947,29
4948,45
4949,935
4950,359
4951,319
4952,751
4953,352
4954,523
4955,466
4956,702
4957,255
4958,986
4959,225
4960,296
4961,169
4962,236
4963,1030
4964,512
4965,622
4966,866
4967,892
4968,574
4969,1189
4970,478
4971,1177
4972,177
4973,917
4974,177
4975,114
4976,25
4977,177
4978,623
4979,503
4980,457
4981,473
4982,1162
4983,616
4984,381
4985,247
4986,409
4987,1002
4988,1162
4989,59
4990,220
4991,554
4992,1091
4993,6
4994,1209
4995,1152
4996,252
4997,135
4998,1070
4999,511
5000,279
5001,972
5002,856
5003,869
5004,631
5005,225
5006,884
5007,596
5008,771
5009,1074
5010,981
5011,660
5012,205
5013,826
5014,731
5015,712
5016,521
5017,717
5018,915
5019,689
5020,947
5021,1008
5022,625
5023,1194
5024,687
5025,503
5026,1173
5027,51
5028,43
5029,276
5030,977
5031,953
5032,514
5033,423
5034,1162
5035,349
5036,864
5037,792
5038,451
5039,1156
5040,179
5041,753
5042,420
5043,989
5044,114
5045,242
5046,114
5047,857
5048,442
5049,876
5050,190
5051,119
5052,952
5053,629
5054,911
5055,705
5056,444
5057,938
5058,10
5059,536
5060,51
5061,902
5062,88
5063,973
5064,526
5065,398
5066,790
5067,688
5068,665
5069,892
5070,464
5071,1096
5072,779
5073,765
5074,986
5075,431
5076,464
5077,294
5078,369
5079,851
5080,882
5081,203
5082,449
5083,541
5084,676
5085,920
5086,742
5087,365
5088,258
5089,234
5090,684
5091,6
5092,784
5093,140
5094,944
5095,562
5096,332
5097,90
5098,406
5099,759
5100,1045
5101,352
5102,1049
5103,1062
5104,347
5105,340
5106,424
5107,413
5108,449
5109,338
5110,676
5111,47
5112,953
5113,584
5114,743
5115,953
5116,420
5117,467
5118,1063
5119,94
5120,728
5121,510
5122,1011
5123,560
5124,136
5125,278
5126,507
5127,324
5128,639
5129,949
5130,1199
5131,472
5132,747
5133,13
5134,676
5135,-1
5136,168
5137,376
5138,928
5139,204
5140,698
5141,382
5142,1071
5143,8
5144,542
5145,1020
5146,898
5147,362
5148,438
5149,1205
5150,625
5151,115
5152,1161
5153,617
5154,96
5155,1185
5156,428
5157,841
5158,735
5159,891
5160,673
5161,231
5162,14
5163,226
5164,743
5165,339
5166,1041
5167,190
5168,860
5169,883
5170,627
5171,939
5172,354
5173,335
5174,728
5175,45
5176,287
5177,1192
5178,85
5179,406
5180,1150
5181,610
5182,576
5183,417
5184,85
5185,793
5186,788
5187,1066
5188,1212
5189,1067
5190,289
5191,977
5192,11
5193,474
5194,115
5195,677
5196,862
5197,471
5198,1176
5199,34
5200,685
5201,624
5202,367
5203,510
5204,949
5205,1136
5206,1160
5207,385
5208,720
5209,336
5210,1090
5211,900
5212,53
5213,1054
5214,1072
5215,308
5216,738
5217,601
5218,96
5219,47
5220,710
5221,758
5222,481
5223,444
5224,1051
5225,86
5226,404
5227,909
5228,596
5229,655
5230,536
5231,836
5232,733
5233,1162
5234,467
5235,140
5236,596
5237,1210
5238,1178
5239,555
5240,882
5241,259
5242,1188
5243,1172
5244,751
5245,625
5246,51
5247,394
5248,1167
5249,927
5250,625
5251,72
5252,51
5253,1195
5254,794
5255,950
5256,1044
5257,487
5258,580
5259,459
5260,200
5261,370
5262,507
5263,1009
5264,1013
5265,867
5266,984
5267,291
5268,973
5269,639
5270,622
5271,420
5272,778
5273,656
5274,514
5275,536
5276,232
5277,526
5278,574
5279,66
5280,1147
5281,63
5282,881
5283,519
5284,407
5285,644
5286,-1
5287,1183
5288,394
5289,930
5290,1051
5291,899
5292,473
5293,224
5294,1144
5295,468
5296,1188
5297,157
5298,320
5299,758
5300,928
5301,995
5302,987
5303,41
5304,799
5305,1173
5306,125
5307,300
5308,-1
5309,264
5310,578
5311,13
5312,197
5313,1092
5314,328
5315,717
5316,954
5317,629
5318,962
5319,321
5320,625
5321,667
5322,152
5323,782
5324,1184
5325,701
5326,107
5327,1207
5328,-1
5329,682
5330,774
5331,186
5332,841
5333,132
5334,643
5335,124
5336,724
5337,929
5338,380
5339,468
5340,492
5341,128
5342,1162
5343,514
5344,13
5345,86
5346,102
5347,1059
5348,587
5349,533
5350,446
5351,117
5352,131
5353,1171
5354,99
5355,85
5356,92
5357,53
5358,667
5359,1173
5360,499
5361,625
5362,517
5363,514
5364,918
5365,971
5366,213
5367,674
5368,845
5369,899
5370,715
5371,404
5372,88
5373,928
5374,33
5375,528
5376,1005
5377,1079
5378,997
5379,156
5380,1045
5381,711
5382,503
5383,942
5384,225
5385,250
5386,548
5387,593
5388,376
5389,130
5390,306
5391,157
5392,1196
5393,397
5394,264
5395,1137
5396,79
5397,692
5398,495
5399,601
5400,1041
5401,1138
5402,237
5403,247
5404,625
5405,382
5406,923
5407,417
5408,-1
5409,507
5410,628
5411,189
5412,1054
5413,1031
5414,735
5415,58
5416,986
5417,553
5418,1055
5419,767
5420,436
5421,769
5422,1189
5423,574
5424,406
5425,928
5426,933
5427,193
5428,748
5429,715
5430,577
5431,282
5432,745
5433,577
5434,771
5435,625
5436,262
5437,774
5438,180
5439,909
5440,905
5441,699
5442,609
5443,494
5444,1084
5445,586
5446,66
5447,783
5448,1193
5449,584
5450,194
5451,954
5452,205
5453,530
5454,426
5455,423
5456,562
5457,180
5458,328
5459,8
5460,765
5461,737
5462,550
5463,878
5464,61
5465,1190
5466,260
5467,34
5468,407
5469,318
5470,1059
5471,1205
5472,1113
5473,625
5474,727
5475,892
5476,679
5477,1030
5478,364
5479,508
5480,334
5481,509
5482,383
5483,1166
5484,57
5485,928
5486,932
5487,1148
5488,1009
5489,621
5490,1185
5491,473
5492,563
5493,872
5494,41
5495,625
5496,183
5497,977
5498,885
5499,1027
5500,1199
5501,961
5502,1159
5503,1107
5504,249
5505,18
5506,789
5507,295
5508,467
5509,741
5510,796
5511,892
5512,885
5513,1034
5514,1196
5515,607
5516,836
5517,155
5518,1167
5519,286
5520,989
5521,254
5522,540
5523,978
5524,961
5525,1145
5526,519
5527,812
5528,1004
5529,863
5530,305
5531,565
5532,29
5533,1096
5534,1042
5535,239
5536,596
5537,725
5538,259
5539,44
5540,1152
5541,891
5542,159
5543,76
5544,1038
5545,674
5546,1041
5547,1064
5548,54
5549,1033
5550,74
5551,1173
5552,559
5553,326
5554,779
5555,688
5556,204
5557,547
5558,1
5559,322
5560,547
5561,618
5562,1056
5563,660
5564,560
5565,694
5566,1210
5567,501
5568,870
5569,486
5570,291
5571,855
5572,-1
5573,1188
5574,671
5575,42
5576,1191
5577,677
5578,595
5579,808
5580,183
5581,707
5582,552
5583,445
5584,959
5585,516
5586,310
5587,404
5588,1076
5589,1018
5590,889
5591,1025
5592,460
5593,607
5594,127
5595,510
5596,905
5597,242
5598,481
5599,660
5600,183
5601,939
5602,889
5603,1082
5604,191
5605,1162
5606,374
5607,407
5608,51
5609,726
5610,37
5611,945
5612,787
5613,944
5614,94
5615,991
5616,974
5617,634
5618,424
5619,448
5620,422
5621,1008
5622,761
5623,566
5624,1210
5625,1181
5626,945
5627,625
5628,773
5629,73
5630,299
5631,615
5632,507
5633,1054
5634,97
5635,594
5636,94
5637,92
5638,780
5639,466
5640,560
5641,921
5642,1175
5643,181
5644,355
5645,171
5646,503
5647,625
5648,754
5649,1017
5650,1132
5651,151
5652,691
5653,921
5654,892
5655,1129
5656,207
5657,418
5658,526
5659,609
5660,156
5661,1051
5662,323
5663,866
5664,1162
5665,205
5666,8
5667,-1
5668,824
5669,307
5670,1189
5671,653
5672,789
5673,1154
5674,726
5675,907
5676,193
5677,519
5678,224
5679,993
5680,327
5681,1080
5682,100
5683,500
5684,446
5685,295
5686,92
5687,971
5688,153
5689,1032
5690,884
5691,617
5692,404
5693,215
5694,716
5695,958
5696,684
5697,721
5698,1095
5699,13
5700,359
5701,620
5702,176
5703,1143
5704,552
5705,756
5706,1117
5707,636
5708,367
5709,13
5710,581
5711,1173
5712,1162
5713,833
5714,776
5715,1167
5716,1091
5717,423
5718,999
5719,929
5720,115
5721,622
5722,1167
5723,991
5724,420
5725,860
5726,871
5727,423
5728,267
5729,311
5730,557
5731,528
5732,836
5733,346
5734,928
5735,163
5736,586
5737,722
5738,532
5739,751
5740,-1
5741,1068
5742,1113
5743,1167
5744,465
5745,615
5746,546
5747,658
5748,616
5749,637
5750,268
5751,906
5752,878
5753,467
5754,420
5755,528
5756,553
5757,113
5758,951
5759,1149
5760,143
5761,769
5762,141
5763,667
5764,514
5765,387
5766,67
5767,125
5768,625
5769,1162
5770,969
5771,1167
5772,171
5773,242
5774,471
5775,578
5776,674
5777,448
5778,608
5779,625
5780,394
5781,125
5782,1167
5783,1092
5784,-1
5785,64
5786,3
5787,684
5788,75
5789,852
5790,169
5791,301
5792,759
5793,501
5794,285
5795,9
5796,1151
5797,405
5798,945
5799,290
5800,891
5801,971
5802,199
5803,428
5804,203
5805,563
5806,637
5807,13
5808,789
5809,891
5810,1162
5811,618
5812,1177
5813,546
5814,552
5815,1020
5816,510
5817,564
5818,255
5819,406
5820,585
5821,431
5822,134
5823,1009
5824,650
5825,1195
5826,115
5827,909
5828,534
5829,99
5830,723
5831,246
5832,992
5833,555
5834,200
5835,9
5836,181
5837,14
5838,237
5839,13
5840,1106
5841,948
5842,249
5843,422
5844,208
5845,519
5846,904
5847,272
5848,261
5849,61
5850,605
5851,563
5852,158
5853,1167
5854,1191
5855,574
5856,1009
5857,109
5858,22
5859,659
5860,1142
5861,351
5862,103
5863,73
5864,286
5865,1209
5866,20
5867,456
5868,286
5869,946
5870,256
5871,1177
5872,1195
5873,894
5874,1045
5875,605
5876,610
5877,1162
5878,537
5879,4
5880,1185
5881,1069
5882,557
5883,711
5884,957
5885,815
5886,529
5887,747
5888,862
5889,552
5890,1166
5891,488
5892,309
5893,210
5894,768
5895,19
5896,542
5897,629
5898,1184
5899,796
5900,486
5901,247
5902,36
5903,397
5904,287
5905,1005
5906,749
5907,183
5908,3
5909,13
5910,584
5911,375
5912,64
5913,1188
5914,228
5915,301
5916,549
5917,486
5918,673
5919,467
5920,738
5921,728
5922,303
5923,588
5924,729
5925,685
5926,443
5927,1096
5928,406
5929,1027
5930,69
5931,784
5932,713
5933,843
5934,59
5935,763
5936,610
5937,993
5938,406
5939,909
5940,1169
5941,404
5942,1028
5943,310
5944,423
5945,679
5946,223
5947,250
5948,448
5949,1
5950,844
5951,796
5952,796
5953,1197
5954,795
5955,1003
5956,312
5957,394
5958,625
5959,451
5960,175
5961,478
5962,1148
5963,310
5964,384
5965,177
5966,451
5967,457
5968,139
5969,1193
5970,1183
5971,561
5972,1167
5973,562
5974,524
5975,246
5976,625
5977,769
5978,210
5979,473
5980,1052
5981,716
5982,9
5983,604
5984,118
5985,561
5986,1061
5987,193
5988,493
5989,1162
5990,119
5991,175
5992,595
5993,1200
5994,593
5995,305
5996,458
5997,891
5998,696
5999,838
6000,888
6001,1
6002,51
6003,859
6004,1062
6005,673
6006,448
6007,606
6008,548
6009,1162
6010,417
6011,619
6012,668
6013,576
6014,653
6015,358
6016,79
6017,405
6018,126
6019,875
6020,930
6021,404
6022,750
6023,735
6024,353
6025,306
6026,582
6027,727
6028,748
6029,1167
6030,1026
6031,1191
6032,1193
6033,1200
6034,358
6035,1062
6036,130
6037,352
6038,443
6039,1210
6040,939
6041,97
6042,991
6043,667
6044,1177
6045,348
6046,784
6047,868
6048,1162
6049,92
6050,615
6051,511
6052,822
6053,889
6054,55
6055,451
6056,1194
6057,735
6058,878
6059,884
6060,13
6061,313
6062,888
6063,905
6064,1201
6065,267
6066,796
6067,855
6068,260
6069,625
6070,79
6071,13
6072,895
6073,623
6074,471
6075,203
6076,310
6077,496
6078,381
6079,63
6080,16
6081,139
6082,1193
6083,369
6084,90
6085,1063
6086,577
6087,1188
6088,290
6089,334
6090,40
6091,558
6092,848
6093,207
6094,581
6095,991
6096,802
6097,1094
6098,459
6099,1131
6100,715
6101,296
6102,940
6103,965
6104,698
6105,325
6106,156
6107,378
6108,417
6109,320
6110,698
6111,658
6112,1162
6113,159
6114,782
6115,798
6116,850
6117,458
6118,308
6119,505
6120,1146
6121,533
6122,1061
6123,274
6124,1188
6125,482
6126,371
6127,992
6128,10
6129,550
6130,1193
6131,873
6132,541
6133,493
6134,34
6135,360
6136,203
6137,894
6138,864
6139,492
6140,304
6141,246
6142,362
6143,469
6144,943
6145,42
6146,615
6147,29
6148,713
6149,507
6150,650
6151,107
6152,1085
6153,606
6154,654
6155,1183
6156,64
6157,1181
6158,585
6159,135
6160,710
6161,423
6162,898
6163,90
6164,332
6165,675
6166,861
6167,562
6168,659
6169,891
6170,147
6171,46
6172,324
6173,731
6174,221
6175,1030
6176,512
6177,968
6178,606
6179,170
6180,101
6181,982
6182,851
6183,1175
6184,300
6185,120
6186,1037
6187,1203
6188,329
6189,1173
6190,473
6191,370
6192,978
6193,133
6194,990
6195,1034
6196,509
6197,799
6198,470
6199,228
6200,617
6201,1172
6202,1193
6203,1081
6204,1176
6205,412
6206,535
6207,606
6208,380
6209,797
6210,1173
6211,729
6212,147
6213,1162
6214,1181
6215,215
6216,679
6217,787
6218,1037
6219,1067
6220,507
6221,406
6222,1027
6223,363
6224,83
6225,566
6226,604
6227,283
6228,257
6229,1192
6230,81
6231,41
6232,879
6233,278
6234,658
6235,202
6236,182
6237,1162
6238,984
6239,959
6240,878
6241,888
6242,1162
6243,142
6244,272
6245,900
6246,511
6247,72
6248,214
6249,749
6250,2
6251,565
6252,874
6253,155
6254,270
6255,889
6256,810
6257,194
6258,426
6259,1167
6260,360
6261,272
6262,34
6263,506
6264,215
6265,1196
6266,105
6267,1035
6268,966
6269,98
6270,452
6271,147
6272,845
6273,181
6274,9
6275,184
6276,981
6277,402
6278,404
6279,845
6280,1083
6281,62
6282,602
6283,471
6284,891
6285,825
6286,744
6287,855
6288,787
6289,604
6290,1152
6291,170
6292,296
6293,1204
6294,1105
6295,300
6296,307
6297,533
6298,486
6299,1154
6300,192
6301,476
6302,698
6303,923
6304,24
6305,261
6306,183
6307,665
6308,539
6309,55
6310,766
6311,717
6312,925
6313,685
6314,782
6315,514
6316,1052
6317,278
6318,673
6319,667
6320,8
6321,1124
6322,347
6323,1028
6324,913
6325,181
6326,697
6327,762
6328,503
6329,891
6330,604
6331,870
6332,423
6333,57
6334,203
6335,562
6336,630
6337,851
6338,1158
6339,1162
6340,1029
6341,406
6342,31
6343,1204
6344,1137
6345,372
6346,891
6347,913
6348,743
6349,1021
6350,968
6351,170
6352,927
6353,883
6354,587
6355,934
6356,71
6357,901
6358,828
6359,741
6360,507
6361,674
6362,507
6363,1030
6364,510
6365,480
6366,120
6367,1047
6368,132
6369,713
6370,514
6371,831
6372,563
6373,954
6374,1081
6375,24
6376,371
6377,1030
6378,906
6379,836
6380,701
6381,46
6382,218
6383,932
6384,735
6385,110
6386,1177
6387,632
6388,630
6389,309
6390,535
6391,625
6392,1109
6393,128
6394,728
6395,563
6396,206
6397,212
6398,528
6399,978
6400,383
6401,1200
6402,357
6403,824
6404,1101
6405,789
6406,277
6407,467
6408,928
6409,650
6410,503
6411,881
6412,1171
6413,1095
6414,1079
6415,406
6416,141
6417,1130
6418,494
6419,467
6420,109
6421,1044
6422,34
6423,590
6424,567
6425,190
6426,962
6427,837
6428,46
6429,141
6430,926
6431,1162
6432,2
6433,965
6434,757
6435,679
6436,220
6437,19
6438,1193
6439,1074
6440,977
6441,395
6442,276
6443,924
6444,1190
6445,303
6446,97
6447,943
6448,1176
6449,570
6450,420
6451,407
6452,235
6453,93
6454,961
6455,178
6456,730
6457,892
6458,1175
6459,877
6460,47
6461,575
6462,1201
6463,146
6464,34
6465,268
6466,278
6467,827
6468,379
6469,1024
6470,1144
6471,597
6472,23
6473,121
6474,883
6475,905
6476,536
6477,404
6478,333
6479,1067
6480,1037
6481,347
6482,1004
6483,423
6484,1185
6485,625
6486,255
6487,175
6488,246
6489,1030
6490,563
6491,329
6492,100
6493,528
6494,250
6495,357
6496,648
6497,407
6498,749
6499,887
6500,1193
6501,1188
6502,304
6503,470
6504,736
6505,860
6506,1016
6507,28
6508,375
6509,682
6510,172
6511,8
6512,1015
6513,963
6514,530
6515,50
6516,1169
6517,718
6518,28
6519,471
6520,1010
6521,545
6522,158
6523,735
6524,943
6525,892
6526,421
6527,258
6528,235
6529,1190
6530,1162
6531,358
6532,723
6533,858
6534,13
6535,406
6536,18
6537,50
6538,52
6539,131
6540,890
6541,1149
6542,661
6543,258
6544,625
6545,505
6546,306
6547,800
6548,1059
6549,519
6550,531
6551,789
6552,759
6553,619
6554,1138
6555,941
6556,160
6557,177
6558,249
6559,782
6560,734
6561,106
6562,1167
6563,74
6564,558
6565,892
6566,654
6567,1066
6568,632
6569,1175
6570,420
6571,8
6572,611
6573,743
6574,1143
6575,141
6576,324
6577,547
6578,400
6579,471
6580,937
6581,1110
6582,605
6583,189
6584,1150
6585,590
6586,511
6587,157
6588,994
6589,167
6590,307
6591,1199
6592,910
6593,1123
6594,828
6595,64
6596,1088
6597,714
6598,891
6599,132
6600,1083
6601,1181
6602,93
6603,116
6604,1198
6605,866
6606,649
6607,16
6608,587
6609,24
6610,705
6611,187
6612,373
6613,1182
6614,338
6615,887
6616,691
6617,48
6618,525
6619,822
6620,57
6621,637
6622,714
6623,102
6624,228
6625,844
6626,1122
6627,250
6628,853
6629,237
6630,625
6631,402
6632,1017
6633,1054
6634,655
6635,703
6636,535
6637,695
6638,31
6639,1159
6640,1055
6641,759
6642,25
6643,689
6644,1063
6645,97
6646,140
6647,509
6648,502
6649,213
6650,617
6651,1154
6652,1190
6653,507
6654,293
6655,44
6656,1185
6657,141
6658,348
6659,1083
6660,195
6661,6
6662,510
6663,889
6664,24
6665,645
6666,115
6667,146
6668,1083
6669,1188
6670,1177
6671,394
6672,928
6673,960
6674,30
6675,523
6676,301
6677,118
6678,884
6679,183
6680,169
6681,923
6682,548
6683,1069
6684,1139
6685,901
6686,198
6687,639
6688,714
6689,573
6690,702
6691,614
6692,679
6693,1176
6694,216
6695,466
6696,1103
6697,115
6698,346
6699,1168
6700,660
6701,990
6702,318
6703,630
6704,168
6705,85
6706,1115
6707,381
6708,407
6709,782
6710,565
6711,516
6712,785
6713,467
6714,83
6715,1055
6716,884
6717,343
6718,1109
6719,678
6720,804
6721,940
6722,540
6723,81
6724,60
6725,1022
6726,719
6727,168
6728,-1
6729,510
6730,829
6731,1194
6732,743
6733,851
6734,780
6735,628
6736,1169
6737,561
6738,891
6739,895
6740,1102
6741,964
6742,341
6743,431
6744,35
6745,594
6746,189
6747,420
6748,316
6749,1057
6750,655
6751,740
6752,1206
6753,1167
6754,625
6755,27
6756,64
6757,703
6758,734
6759,210
6760,843
6761,328
6762,844
6763,406
6764,145
6765,978
6766,1088
6767,359
6768,457
6769,1142
6770,350
6771,249
6772,1093
6773,694
6774,571
6775,309
6776,13
6777,165
6778,885
6779,276
6780,356
6781,820
6782,924
6783,1184
6784,1162
6785,82
6786,870
6787,251
6788,455
6789,841
6790,171
6791,678
6792,-1
6793,263
6794,992
6795,1106
6796,83
6797,52
6798,780
6799,466
6800,1024
6801,371
6802,912
6803,437
6804,945
6805,267
6806,324
6807,877
6808,467
6809,838
6810,694
6811,406
6812,390
6813,847
6814,1054
6815,551
6816,697
6817,461
6818,208
6819,451
6820,467
6821,523
6822,442
6823,204
6824,502
6825,1172
6826,1196
6827,40
6828,132
6829,1183
6830,106
6831,197
6832,547
6833,510
6834,372
6835,448
6836,425
6837,423
6838,19
6839,1035
6840,837
6841,764
6842,1195
6843,425
6844,708
6845,1147
6846,537
6847,233
6848,254
6849,-1
6850,948
6851,98
6852,522
6853,1203
6854,476
6855,1119
6856,333
6857,369
6858,158
6859,552
6860,1173
6861,759
6862,393
6863,512
6864,340
6865,902
6866,889
6867,258
6868,58
6869,925
6870,738
6871,535
6872,656
6873,748
6874,204
6875,604
6876,628
6877,556
6878,432
6879,688
6880,259
6881,625
6882,933
6883,20
6884,886
6885,1177
6886,835
6887,669
6888,554
6889,891
6890,927
6891,591
6892,310
6893,1173
6894,956
6895,412
6896,205
6897,950
6898,429
6899,99
6900,890
6901,456
6902,555
6903,686
6904,1162
6905,553
6906,718
6907,685
6908,482
6909,759
6910,13
6911,694
6912,262
6913,65
6914,421
6915,714
6916,406
6917,570
6918,1041
6919,-1
6920,1164
6921,619
6922,510
6923,772
6924,1147
6925,972
6926,1030
6927,261
6928,77
6929,727
6930,763
6931,16
6932,793
6933,231
6934,8
6935,1193
6936,1083
6937,563
6938,424
6939,507
6940,841
6941,547
6942,171
6943,31
6944,228
6945,85
6946,943
6947,97
6948,133
6949,468
6950,1177
6951,560
6952,348
6953,982
6954,1132
6955,1191
6956,841
6957,1017
6958,802
6959,106
6960,688
6961,996
6962,929
6963,40
6964,1010
6965,471
6966,656
6967,707
6968,901
6969,228
6970,625
6971,564
6972,10
6973,928
6974,294
6975,467
6976,863
6977,753
6978,594
6979,387
6980,562
6981,719
6982,497
6983,125
6984,1173
6985,569
6986,351
6987,796
6988,930
6989,1055
6990,512
6991,184
6992,414
6993,421
6994,1064
6995,792
6996,1188
6997,327
6998,450
6999,40
7000,866
7001,829
7002,162
7003,1162
7004,310
7005,535
7006,671
7007,775
7008,8
7009,558
7010,953
7011,693
7012,75
7013,507
7014,94
7015,873
7016,618
7017,811
7018,534
7019,13
7020,395
7021,176
7022,878
7023,131
7024,216
7025,1167
7026,1154
7027,602
7028,467
7029,428
7030,836
7031,1144
7032,65
7033,135
7034,17
7035,769
7036,467
7037,446
7038,959
7039,328
7040,507
7041,75
7042,1180
7043,614
7044,2
7045,1162
7046,46
7047,625
7048,242
7049,1057
7050,878
7051,231
7052,274
7053,360
7054,594
7055,1160
7056,46
7057,613
7058,109
7059,771
7060,253
7061,562
7062,10
7063,445
7064,774
7065,606
7066,893
7067,1173
7068,511
7069,627
7070,1140
7071,744
7072,438
7073,453
7074,1052
7075,1118
7076,909
7077,354
7078,1162
7079,274
7080,554
7081,993
7082,584
7083,988
7084,71
7085,356
7086,510
7087,881
7088,18
7089,691
7090,648
7091,549
7092,889
7093,1047
7094,586
7095,617
7096,494
7097,385
7098,892
7099,1184
7100,622
7101,464
7102,414
7103,303
7104,216
7105,355
7106,26
7107,501
7108,210
7109,1101
7110,1040
7111,775
7112,135
7113,467
7114,525
7115,367
7116,152
7117,849
7118,622
7119,433
7120,145
7121,1081
7122,984
7123,76
7124,78
7125,127
7126,324
7127,953
7128,1067
7129,1011
7130,1063
7131,1005
7132,184
7133,261
7134,453
7135,1124
7136,250
7137,735
7138,283
7139,-1
7140,988
7141,200
7142,413
7143,719
7144,625
7145,88
7146,184
7147,606
7148,721
7149,234
7150,1104
7151,137
7152,1101
7153,3
7154,881
7155,464
7156,340
7157,406
7158,774
7159,459
7160,1044
7161,548
7162,809
7163,414
7164,285
7165,972
7166,351
7167,1016
7168,164
7169,1173
7170,403
7171,629
7172,494
7173,878
7174,789
7175,1184
7176,832
7177,950
7178,280
7179,279
7180,323
7181,817
7182,572
7183,1167
7184,891
7185,1062
7186,501
7187,738
7188,1107
7189,394
7190,983
7191,960
7192,744
7193,555
7194,842
7195,538
7196,1188
7197,28
7198,32
7199,306
7200,210
7201,899
7202,474
7203,1043
7204,730
7205,472
7206,287
7207,257
7208,180
7209,638
7210,1173
7211,1057
7212,185
7213,997
7214,137
7215,576
7216,436
7217,721
7218,603
7219,732
7220,257
7221,199
7222,625
7223,891
7224,588
7225,588
7226,1119
7227,517
7228,778
7229,218
7230,1062
7231,568
7232,93
7233,434
7234,19
7235,837
7236,760
7237,1014
7238,698
7239,1114
7240,846
7241,254
7242,480
7243,968
7244,416
7245,148
7246,752
7247,551
7248,657
7249,238
7250,661
7251,519
7252,1162
7253,53
7254,234
7255,6
7256,507
7257,40
7258,860
7259,991
7260,182
7261,924
7262,754
7263,642
7264,811
7265,1161
7266,854
7267,478
7268,771
7269,768
7270,355
7271,588
7272,846
7273,1173
7274,510
7275,96
7276,1007
7277,579
7278,325
7279,668
7280,1172
7281,457
7282,910
7283,717
7284,604
7285,455
7286,283
7287,327
7288,875
7289,237
7290,265
7291,562
7292,258
7293,198
7294,306
7295,365
7296,914
7297,384
7298,243
7299,625
7300,613
7301,606
7302,989
7303,493
7304,730
7305,442
7306,257
7307,831
7308,818
7309,992
7310,246
7311,625
7312,784
7313,592
7314,450
7315,692
7316,798
7317,1085
7318,796
7319,841
7320,386
7321,893
7322,398
7323,1062
7324,443
7325,468
7326,87
7327,598
7328,878
7329,285
7330,822
7331,121
7332,155
7333,925
7334,1131
7335,453
7336,877
7337,382
7338,1152
7339,833
7340,349
7341,1155
7342,173
7343,919
7344,128
7345,1195
7346,133
7347,62
7348,815
7349,625
7350,708
7351,61
7352,891
7353,166
7354,165
7355,403
7356,255
7357,1104
7358,13
7359,1200
7360,586
7361,840
7362,674
7363,969
7364,951
7365,992
7366,1029
7367,222
7368,1167
7369,1149
7370,591
7371,919
7372,969
7373,625
7374,1178
7375,554
7376,978
7377,264
7378,609
7379,461
7380,438
7381,26
7382,781
7383,117
7384,161
7385,582
7386,625
7387,610
7388,252
7389,665
7390,525
7391,610
7392,226
7393,371
7394,81
7395,94
7396,285
7397,703
7398,649
7399,9
7400,77
7401,405
7402,771
7403,749
7404,557
7405,1020
7406,48
7407,1067
7408,625
7409,9
7410,741
7411,1148
7412,608
7413,1131
7414,884
7415,442
7416,231
7417,87
7418,463
7419,139
7420,719
7421,423
7422,881
7423,805
7424,401
7425,78
7426,79
7427,724
7428,397
7429,841
7430,51
7431,1111
7432,55
7433,803
7434,873
7435,1094
7436,789
7437,985
7438,510
7439,625
7440,224
7441,841
7442,999
7443,541
7444,1078
7445,281
7446,77
7447,1068
7448,1128
7449,485
7450,340
7451,166
7452,815
7453,809
7454,352
7455,29
7456,1212
7457,106
7458,746
7459,352
7460,743
7461,150
7462,921
7463,688
7464,685
7465,273
7466,278
7467,203
7468,1167
7469,448
7470,40
7471,362
7472,272
7473,1138
7474,1108
7475,407
7476,786
7477,333
7478,791
7479,1131
7480,1077
7481,348
7482,70
7483,495
7484,203
7485,886
7486,108
7487,1177
7488,1059
7489,112
7490,708
7491,1062
7492,671
7493,8
7494,230
7495,1069
7496,60
7497,438
7498,187
7499,117
7500,669
7501,872
7502,74
7503,1028
7504,712
7505,701
7506,625
7507,927
7508,473
7509,982
7510,565
7511,314
7512,310
7513,1064
7514,346
7515,510
7516,353
7517,423
7518,1139
7519,604
7520,484
7521,211
7522,117
7523,739
7524,122
7525,215
7526,461
7527,400
7528,778
7529,877
7530,535
7531,1152
7532,1007
7533,240
7534,161
7535,-1
7536,792
7537,632
7538,1159
7539,894
7540,1172
7541,666
7542,1150
7543,62
7544,8
7545,650
7546,652
7547,798
7548,930
7549,625
7550,929
7551,625
7552,455
7553,583
7554,62
7555,585
7556,106
7557,306
7558,1054
7559,385
7560,966
7561,473
7562,361
7563,51
7564,1162
7565,26
7566,536
7567,894
7568,-1
7569,230
7570,999
7571,582
7572,1041
7573,525
7574,1197
7575,116
7576,1004
7577,1131
7578,308
7579,512
7580,1053
7581,127
7582,262
7583,219
7584,1168
7585,391
7586,53
7587,670
7588,858
7589,1145
7590,1129
7591,201
7592,1097
7593,116
7594,625
7595,521
7596,767
7597,468
7598,1187
7599,661
7600,1193
7601,532
7602,895
7603,435
7604,37
7605,1121
7606,508
7607,77
7608,668
7609,483
7610,-1
7611,317
7612,1060
7613,146
7614,771
7615,252
7616,1117
7617,-1
7618,54
7619,239
7620,813
7621,457
7622,178
7623,1101
7624,336
7625,1211
7626,1212
7627,1167
7628,386
7629,254
7630,1162
7631,1037
7632,922
7633,947
7634,284
7635,650
7636,656
7637,625
7638,581
7639,661
7640,637
7641,256
7642,822
7643,1193
7644,976
7645,861
7646,410
7647,1151
7648,118
7649,289
7650,716
7651,467
7652,442
7653,853
7654,548
7655,625
7656,910
7657,596
7658,1079
7659,523
7660,1188
7661,852
7662,1155
7663,625
7664,1096
7665,5
7666,467
7667,903
7668,248
7669,438
7670,279
7671,431
7672,775
7673,1020
7674,1117
7675,459
7676,1188
7677,342
7678,989
7679,977
7680,1158
7681,1172
7682,542
7683,640
7684,3
7685,842
7686,275
7687,-1
7688,132
7689,98
7690,775
7691,99
7692,133
7693,1005
7694,1059
7695,1162
7696,726
7697,738
7698,604
7699,510
7700,1042
7701,413
7702,548
7703,387
7704,666
7705,667
7706,1155
7707,10
7708,625
7709,1148
7710,438
7711,103
7712,627
7713,279
7714,301
7715,860
7716,682
7717,806
7718,1171
7719,797
7720,928
7721,1024
7722,556
7723,507
7724,843
7725,61
7726,20
7727,250
7728,760
7729,320
7730,470
7731,565
7732,328
7733,54
7734,805
7735,964
7736,661
7737,404
7738,519
7739,244
7740,551
7741,387
7742,1181
7743,447
7744,514
7745,1109
7746,1144
7747,560
7748,403
7749,1162
7750,1199
7751,796
7752,336
7753,1167
7754,824
7755,522
7756,850
7757,582
7758,1029
7759,926
7760,1065
7761,1068
7762,1028
7763,1159
7764,517
7765,1064
7766,787
7767,1167
7768,13
7769,435
7770,821
7771,916
7772,803
7773,947
7774,553
7775,720
7776,1156
7777,1133
7778,103
7779,772
7780,406
7781,959
7782,97
7783,741
7784,826
7785,48
7786,414
7787,468
7788,684
7789,836
7790,1130
7791,311
7792,1079
7793,440
7794,648
7795,878
7796,223
7797,240
7798,35
7799,68
7800,1201
7801,514
7802,740
7803,630
7804,743
7805,629
7806,836
7807,207
7808,485
7809,518
7810,481
7811,133
7812,507
7813,1174
7814,98
7815,688
7816,520
7817,1166
7818,955
7819,928
7820,673
7821,324
7822,1061
7823,1041
7824,470
7825,729
7826,119
7827,23
7828,964
7829,882
7830,77
7831,1204
7832,579
7833,571
7834,13
7835,264
7836,1088
7837,651
7838,1072
7839,924
7840,951
7841,404
7842,739
7843,525
7844,487
7845,708
7846,625
7847,1204
7848,398
7849,625
7850,895
7851,587
7852,747
7853,457
7854,47
7855,965
7856,880
7857,138
7858,749
7859,714
7860,891
7861,127
7862,640
7863,254
7864,793
7865,489
7866,620
7867,1069
7868,779
7869,562
7870,281
7871,496
7872,597
7873,970
7874,696
7875,1133
7876,582
7877,385
7878,65
7879,208
7880,373
7881,1125
7882,155
7883,430
7884,1026
7885,15
7886,635
7887,1164
7888,50
7889,996
7890,245
7891,222
7892,1174
7893,1144
7894,570
7895,625
7896,1138
7897,786
7898,117
7899,1116
7900,190
7901,876
7902,507
7903,690
7904,404
7905,507
7906,944
7907,45
7908,483
7909,723
7910,27
7911,1001
7912,132
7913,207
7914,1077
7915,408
7916,1018
7917,746
7918,896
7919,608
7920,484
7921,808
7922,1193
7923,861
7924,432
7925,323
7926,188
7927,884
7928,406
7929,516
7930,518
7931,192
7932,987
7933,667
7934,1124
7935,510
7936,584
7937,452
7938,800
7939,1076
7940,237
7941,1177
7942,83
7943,112
7944,625
7945,1203
7946,1054
7947,850
7948,947
7949,1026
7950,630
7951,818
7952,263
7953,1193
7954,880
7955,138
7956,555
7957,368
7958,1024
7959,917
7960,960
7961,367
7962,949
7963,579
7964,1137
7965,564
7966,668
7967,641
7968,13
7969,941
7970,989
7971,94
7972,13
7973,689
7974,730
7975,1083
7976,106
7977,574
7978,754
7979,510
7980,136
7981,328
7982,882
7983,760
7984,33
7985,738
7986,1171
7987,1064
7988,473
7989,1213
7990,418
7991,368
7992,659
7993,1208
7994,1162
7995,198
7996,983
7997,635
7998,1087
7999,-1
8000,425
8001,564
8002,284
8003,1015
8004,1124
8005,450
8006,9
8007,1173
8008,115
8009,997
8010,710
8011,1028
8012,241
8013,1162
8014,956
8015,280
8016,402
8017,953
8018,19
8019,465
8020,69
8021,1029
8022,839
8023,819
8024,416
8025,804
8026,1126
8027,434
8028,922
8029,547
8030,23
8031,724
8032,343
8033,213
8034,457
8035,466
8036,77
8037,873
8038,1058
8039,690
8040,871
8041,539
8042,245
8043,-1
8044,352
8045,517
8046,304
8047,116
8048,645
8049,979
8050,423
8051,241
8052,433
8053,450
8054,766
8055,406
8056,168
8057,420
8058,571
8059,295
8060,973
8061,528
8062,74
8063,1059
8064,1162
8065,397
8066,-1
8067,873
8068,1150
8069,1085
8070,424
8071,888
8072,148
8073,406
8074,401
8075,352
8076,-1
8077,854
8078,694
8079,908
8080,891
8081,1162
8082,123
8083,1010
8084,1007
8085,352
8086,880
8087,1063
8088,149
8089,886
8090,1117
8091,28
8092,229
8093,633
8094,446
8095,1042
8096,70
8097,724
8098,459
8099,264
8100,878
8101,849
8102,166
8103,861
8104,497
8105,1200
8106,-1
8107,841
8108,351
8109,608
8110,205
8111,401
8112,1007
8113,650
8114,246
8115,124
8116,645
8117,1115
8118,427
8119,617
8120,270
8121,510
8122,1204
8123,1064
8124,669
8125,1158
8126,772
8127,8
8128,1041
8129,771
8130,1048
8131,1017
8132,1167
8133,5
8134,385
8135,330
8136,1162
8137,1117
8138,244
8139,87
8140,1184
8141,929
8142,63
8143,625
8144,969
8145,846
8146,841
8147,119
8148,443
8149,953
8150,716
8151,754
8152,775
8153,355
8154,658
8155,1024
8156,830
8157,917
8158,1109
8159,947
8160,553
8161,1152
8162,841
8163,1193
8164,1177
8165,1009
8166,235
8167,418
8168,577
8169,467
8170,1090
8171,214
8172,444
8173,498
8174,80
8175,69
8176,28
8177,1097
8178,1107
8179,897
8180,266
8181,904
8182,1099
8183,306
8184,383
8185,510
8186,483
8187,920
8188,248
8189,758
8190,1046
8191,52
8192,155
8193,655
8194,386
8195,85
8196,894
8197,902
8198,1076
8199,133
8200,423
8201,36
8202,220
8203,718
8204,169
8205,664
8206,1057
8207,995
8208,922
8209,151
8210,158
8211,-1
8212,1124
8213,28
8214,195
8215,118
8216,1117
8217,728
8218,168
8219,607
8220,288
8221,1039
8222,716
8223,18
8224,1087
8225,841
8226,811
8227,633
8228,664
8229,1173
8230,873
8231,723
8232,1117
8233,255
8234,991
8235,507
8236,271
8237,869
8238,253
8239,365
8240,872
8241,290
8242,643
8243,1193
8244,429
8245,86
8246,160
8247,252
8248,1155
8249,168
8250,439
8251,497
8252,1188
8253,589
8254,516
8255,551
8256,684
8257,1057
8258,178
8259,693
8260,929
8261,118
8262,91
8263,919
8264,550
8265,1020
8266,34
8267,1070
8268,904
8269,101
8270,852
8271,572
8272,361
8273,862
8274,103
8275,357
8276,148
8277,890
8278,263
8279,1192
8280,512
8281,1079
8282,134
8283,162
8284,1092
8285,735
8286,894
8287,1138
8288,1086
8289,1150
8290,159
8291,610
8292,53
8293,310
8294,5
8295,885
8296,133
8297,1103
8298,185
8299,360
8300,157
8301,1019
8302,1147
8303,882
8304,755
8305,1071
8306,597
